類別,書籍名稱,作者,出版社,出版年,櫃號,備註,上架數量,狀態
健康類,美到骨子裡,芝崎義夫,漢欣文化事業有限公司,2003,H1,,1,上架
健康類,家常菜營養密碼,李曼萍,,,H2,,1,上架
健康類,百分魔體游泳術,吳念平,,,H2,,1,上架
健康類,慢性疼痛,梅約醫學中心,,,A12,,1,上架
健康類,女人，一定要懂的八堂健康課,鄢源貴,大樹林出版社,2010,H1,,1,上架
健康類,飲食養生秘訣,賀娟,人類智庫數位科技股份有公司,2011,H1,,1,上架
健康類,30秒減肥術,林美麗,三思堂文化事業有公司,1989,H1,,1,上架
健康類,營養治療的處方百科,菲力斯•貝斯,世潮出版有限公司,1996,H1,,1,上架
健康類,身體自覺,張良維,時報文化出版企業股份有限公司,2001,H1,,1,上架
健康類,真原醫,楊定一,,,A43,,1,上架
健康類,家庭自然療法,陳龍根,讀者文摘遠東有限公司,2002,H1,,1,上架
健康類,長壽養生秘訣,李月容,金文圖書有限公司,1985,H1,,1,上架
健康類,營養與保健,安德爾•戴維絲,世潮出版有限公司,1993,H1,,1,上架
健康類,營養博士教你自然排毒最健康,謝明哲,三采文化出版事業有限公司,2006,H1,,1,上架
健康類,我的第一堂西點課,加藤千惠,,,H2,,1,上架
健康類,運動醫學講座第2輯,賴金鑫,,,H2,,1,上架
健康類,哈佛醫師養生療法2,許瑞云.陳煥章,,,H2,,1,上架
健康類,恐怖的食品添加物,安部司,,,H2,,1,上架
健康類,冰乾稿手Easy做,王博仁.王建智.成美慧.梁瓊白.曹麗娟,,,H2,,1,上架
健康類,坐月子完全事典,林君玉,,,H2,,1,上架
健康類,就醫前的120個居家療法,美國梅約醫學中心,天下雜誌股份有限公司,2011,H1,,1,上架
健康類,與癌症共舞,馬雨沛,,,H2,,1,上架
健康類,對症按摩圖典,楊賢鴻,三采文化出版事業有限公司,2011,H1,,1,上架
健康類,生機飲食經典集,翁湘淳,,,H2,,1,上架
健康類,日本料理完全手冊,張思本,,,H2,,1,上架
健康類,奇蹟醫生陳衛華20年戰勝3癌,陳衛華,,,A43,,1,上架
健康類,戰勝憂鬱症,Catherine Carrigan,,,H2,,1,上架
健康類,小朋友健康成長藥膳,陳富春,,,H2,,1,上架
健康類,牛排羊排超美味,戴順亮,,,H2,,1,上架
健康類,煮菜,梁瓊白,,,H2,,1,上架
健康類,調味醬烹飪術,張明華,,,H2,,1,上架
健康類,第一次下廚,淺田峰子,,,H2,,1,上架
健康類,食物是最好的醫藥,Henry G. Bieler,,,A44,,1,上架
健康類,憂鬱症居家療法,稅所弘,漢宇國際文化有限公司,2007,H1,,1,上架
健康類,阿芳的糕與粿,蔡季芳,,,H2,,1,上架
健康類,阿芳的3杯麵粉72變,蔡季芳,,,H2,,1,上架
健康類,譚敦慈的安心廚房食典,譚敦慈,,,H2,,1,上架
健康類,美味丼飯集錦,中村裕子,,,H2,,1,上架
健康類,麵包,三久.旭屋,,,H2,,1,上架
健康類,一個人好好吃,蓋雅Magus,,,H2,,1,上架
健康類,家釀風味酒100道,林羽萩,,,H2,,1,上架
健康類,阿基師ㄟ偷甲步BOOK3,三立電視,,,H2,,1,上架
健康類,家常宴客菜,陳進萬,,,H2,,1,上架
健康類,運動醫學講座第1輯,賴金鑫,,,H2,,1,上架
健康類,不生病的生活─全美首席胃腸科醫師的健康秘訣,新谷弘寶,如何出版社有限公司,2007,H1,,1,上架
健康類,掌廚好烹調,雅吉有限公司,,,H2,,1,上架
健康類,阿芳的小吃2,蔡季芳,,,H2,,1,上架
健康類,一目了然學方劑,林政宏,,,A44,,1,上架
健康類,心臟病奇方妙治,劉江明、張桂香,新潮社文化事業有限公司,2005,H1,,1,上架
健康類,怎樣生活起居最健康,周亞菲,,,H2,,1,上架
健康類,蘆薈美容與健康,櫻井達男•吉田正雄,雷鼓出版社,2001,H1,,1,上架
健康類,糖尿病之預防與治療,藤山 順豐 西岡葉子,書泉出版社,1991,H1,,1,上架
健康類,元祖蔬菜湯強健法,立石 和,世茂出版社,1997,H1,,1,上架
健康類,108堂高血壓家庭講座,日野原重明,中經社文化有限公司,2006,H1,,1,上架
健康類,醬料OK,許瑞興,,,H2,,1,上架
健康類,心臟病預防與治療,程俊傑,輕舟出版社,1999,H1,,1,上架
健康類,腳底指壓實用寶典,張建文,米樂文化國際有限公司,2006,H1,,1,上架
健康類,食物情緒大解密,朵琳.芙秋,,,H1,,1,上架
健康類,驚異的田七杜仲強力健康法,謝心範,,,H1,,1,上架
健康類,神奇的降三酸甘脂,洪麗雅,,,H2,,1,上架
健康類,抗老化聖典,艾爾.敏德爾,,,H2,,1,上架
健康類,藥膳美人餐,林秋香,新女性出版社,1998,H1,,1,上架
健康類,我的食材便利包,楊賢英,,,H2,,1,上架
健康類,健康小偏方,鍾綾,滿庭芳出版社,1991,H1,,1,上架
健康類,我這樣吃外食，肉鬆醫生變型男,連天豪,,,A41,,1,上架
健康類,視力當然可以回復!,中川和宏,,,A42,,1,上架
健康類,腦內革命,春山茂雄,創意力文化事業有限公司,1996,H1,,1,上架
健康類,零歲開始打造免疫力,藤田紘一朗,,,A41,,1,上架
健康類,飯水分離 陰陽飲食法,李祥文,,,A41,,1,上架
健康類,抗癌就像減肥,顏榮朗,,,A41,,1,上架
健康類,新醫病對話,丹尼斯•馬茲爾,,,A41,,1,上架
健康類,爆笑不爆肝!輕鬆掌握保肝知識,許金川,,,A41,,1,上架
健康類,生機抗癌，有一套,范秀琴,自然風文化事業股份有限公司,2002,H1,,1,上架
健康類,腳板按摩健康法,竹之內診佐夫,大塊出版社印行,1986,H1,,1,上架
健康類,芳香療法大百科\,派翠西亞。戴維斯,,,A41,,1,上架
健康類,養生、保健抗衰老,錢劍海,協和文化有限公司,2002,H1,,1,上架
健康類,癌症療癒樂活美食,梁瓊白,,,A44,,1,上架
健康類,秘書達人必修課,石永琦,,,A42,,1,上架
健康類,這樣要去看醫生嗎,平石貴久,,,A42,,1,上架
健康類,遠離肝苦很簡單---你必須知道的保肝知識,許金川,,,A41,,1,上架
健康類,攝護腺,梅約醫學中心,,,A12,,1,上架
健康類,食補美一生,曹麗娟,,,H2,,1,上架
健康類,維他命盛典,艾爾.敏德爾,,,H2,,1,上架
健康類,關節炎,梅約醫學中心,,,A12,,1,上架
健康類,活出生命的驚嘆號,東方比利,,,A43,,1,上架
健康類,與青少年談愛滋病,Lynda Madaras,,,A43,,1,上架
健康類,你可以向心臟病說不,姜必寧,天下生活股份有限公司,1999,H1,,1,上架
健康類,吃對食物健康100分,何一成&林君玉&黃美智,,,A44,,1,上架
健康類,魔鬼瘦身手冊,田希仁,,,A42,,1,上架
健康類,健康快樂的50種偏方,徐南琴、李九妹,,,A43,,1,上架
健康類,糖尿病,梅約醫學中心,,,A12,,1,上架
健康類,打敗禽流感,艾伏里西諾,,,A43,,1,上架
健康類,高血壓,梅約醫學中心,,,A12,,1,上架
健康類,醫人三角的獨白,傅志遠,,,A43,,1,上架
健康類,健身秘訣,李師鄭,,,A43,,1,上架
健康類,全方位抗流感,潘懷宗,,,A43,,1,上架
健康類,冠心病中西醫自療手冊-慢性病打不倒你,張濤,天佑智訊有限公司,2007,H1,,1,上架
健康類,你就是品牌---用服務打造你的品牌,陳文敏,,,A41,,1,上架
健康類,阿娘---介紹高齡者過身心快樂的生活,莊淑旂,,,A41,,1,上架
健康類,『石原式健康法』生薑力,石原結實,,,A41,,1,上架
健康類,食在安心,江守山,,,A41,,1,上架
健康類,微養生,林文泉,,,A41,,1,上架
健康類,我要一年四季晶瑩剔透,陳衍良,,,A42,,1,上架
健康類,別再心慌慌!-心臟病的醫學保健常識,萬征、林青、艾麗文,潺川圖書有限公司,2004,H1,,1,上架
健康類,前塵往事腦醫學,朱迺欣,,,A41,,1,上架
健康類,就是要你更young,亨利•洛奇、克里斯•克羅利,,,A41,,1,上架
健康類,這樣生活最健康,姜淑惠,,,H2,,1,上架
健康類,烹調記憶,郭怡青.須文蔚,,,H2,,1,上架
健康類,掌握代謝90%的肥肉會自消失,吉莉安.麥可斯,,,H2,,1,上架
健康類,中藥的常識,陸軒,,,H2,,1,上架
健康類,高血壓的健康食療,荒木武郎.渡部昭,,,H2,,1,上架
健康類,中老年常見疾病保健事典,艾洛伊,暖流出版社,2003,H1,,1,上架
健康類,腹式呼吸 好處多,趙憲民,,,A41,,1,上架
健康類,為健康而吃,蔡聰明,,,H2,,1,上架
健康類,每天清除癌細胞,陳月卿,,,A41,,1,上架
健康類,精油全書,Melissa Studio,,,A41,,1,上架
健康類,接地氣,克林特•歐伯、馬丁•祖克,,,A41,,1,上架
健康類,現代食品蠻悍全襲,曹健,,,A43,,1,上架
健康類,全食物再發現,陳月卿,,,A42,,1,上架
健康類,奈大嬸變XS小姐!!,貴婦奈奈,,,A41,,1,上架
健康類,從心開始 每天清除心靈癌細胞,陳月卿,,,A41,,1,上架
健康類,現在開始，別再吃錯,冷曉梅,,,A43,,1,上架
健康類,日本No1自然醫學家的「健康保證班」,石原結實,,,A41,,1,上架
健康類,敢吃不敢說的藥,潘懷宗,,,A42,,1,上架
健康類,健美塑身 EASY GO!,波特•席莫,小貓社有限公司,1999,H1,,1,上架
健康類,天天蔬果汁，癌症不上身,濟陽高穗,,,A41,,1,上架
健康類,高血壓200問,劉國樹,世潮出版有限公司,1994,H1,,1,上架
健康類,這樣坐月子你可青春長命,趙良曄,,,A42,,1,上架
健康類,有效率的分割睡眠法,齊藤英治,,,A41,,1,上架
健康類,明日葉─奇跡的藥草,後騰迅幟,至正義出版社,77,C1,,1,上架
健康類,癌症是一份偉大的禮物,呂應鐘,,,A44,,1,上架
健康類,3天改變體質的斷糖飲食,西?俊二,,,A44,,1,上架
健康類,無零的養生智慧,莊淑旂,,,A44,,1,上架
健康類,怎麼吃也毒不了我,陳俊旭,,,H1,,1,上架
健康類,"吃錯了,當然會生病",陳俊旭,,,H1,,1,上架
健康類,家庭簡易美食西點,梁淑嫈,,,H2,,1,上架
健康類,小寶貝的第一本飲食書,黃惠珍,,,H2,,1,上架
健康類,膚白若雪上,Julie Davis Prevention 雜誌編輯群,探索文化,86,H2,,1,上架
健康類,怎樣吃最補,楊玲玲,,,H2,,1,上架
健康類,好吃醬拌麵,劉維珍.林健龍,,,H2,,1,上架
健康類,養生菜市場,王莉民,,,H2,,1,上架
健康類,義大利麵事典,吳明娟,,,H2,,1,上架
健康類,女主人的餐桌時光,Dawn Tsai,,,H2,,1,上架
健康類,不要吃出慢性病來,胡淑裕,,,H1,,1,上架
健康類,揭開關節炎的秘密,蔡肇基,時報文化,2004,H2,,1,上架
健康類,無毒一生輕2,林光常,,,A44,,1,上架
健康類,抗老化健康三寶,何權峰醫師,,,H1,,1,上架
健康類,肌肉鍛鍊解剖全書,藍姆齊,木馬文化,2013,H2,,1,上架
健康類,完全好滋味,Perfect Ultra,旺代企業有限公司,2010,H2,,1,上架
健康類,醫生對你隱瞞了什麼,林內•麥特塔格特,,,A44,,1,上架
健康類,想自殺?請每天吃早餐!,渡邊正,,,H1,,1,上架
健康類,"姿勢對了,90%的疼痛自然好",羅文政,,,H1,,1,上架
健康類,紐約名流瘦身抗老聖經,潔娜.克勞兒,,,H1,,1,上架
健康類,運動:天賦良藥,JoAnn Manson&Patricia Amend,,,H1,,1,上架
健康類,"吃對營養,享瘦健康",沃夫.方法,,,H1,,1,上架
健康類,女醫師才知道的正確美容法,友利新,,,A44,,1,上架
健康類,打破101個保養迷思,方智出版社,廖苑利,2005,H2,,1,上架
健康類,婦產科醫師-寫給女人醫生的健康書,仇思源,,,H2,,1,上架
健康類,名人健康菜,吳靜美.張正莉.楊珮玲,,,H1,,1,上架
健康類,健健康康過一生,謝瀛華,,,H1,,1,上架
健康類,米食的料理,中村壽子,,,H2,,1,上架
健康類,只用降壓藥，找死,陳志明,,,A44,,1,上架
健康類,奇蹟的尿療法4,郭眉秀,,,H2,,1,上架
健康類,QQ馬鈴薯,中村壽子,,,H2,,1,上架
健康類,奇蹟的尿療法1,鄭建元,,,H2,,1,上架
健康類,藍綠藻的健康革命,吉莉安.克里伯,,,H2,,1,上架
健康類,預防癌症、老化的沙丁魚,竹內富貴子,智慧大學出版有限公司,2000,C1,,1,上架
健康類,太極樂慢活,李章智,未來書城,2011,C1,,1,上架
健康類,早晨的第一杯水,歐陽英,,,H2,,1,上架
健康類,科學素食快樂吃,林俊龍,,,H2,,1,上架
健康類,女中醫才知道的青春秘方,謝曉雲、林貞岑、林慧淳,天下雜誌股份有限公司,2010,H1,,1,上架
健康類,奇蹟的尿療法2,郭眉秀,正義出版社,80,C1,,1,上架
健康類,吃糙米尚健康,簡玉芬,世茂出版社,2000,C1,,1,上架
健康類,養生之道,董大成,,,H2,,1,上架
健康類,奇蹟的尿療法3,郭眉秀,,,H2,,1,上架
健康類,美好健康DIY,楊乃彥,知音出版社,2000,H1,,1,上架
健康類,阿芳的私房菜,蔡季芳,,,H2,,1,上架
健康類,八段錦一本通,林勝傑,蘋果屋出版社,2012,C1,,1,上架
健康類,安心食,超級電視台,,,H1,,1,上架
健康類,心型點心屋,中村裕子,,,H2,,1,上架
健康類,義大利麵,世界文化社編輯部,,,H2,,1,上架
健康類,簡單.零失敗餅乾&蛋糕,黑木優子,,,H2,,1,上架
健康類,媽媽太太必備的300道防癌食譜,李傳修,快活堂出版有限公司,2002,C1,,1,上架
健康類,食物的真相,姬爾.博樂登斯密,,,H2,,1,上架
健康類,周末妙手食譜,錢嘉琪,,,H2,,1,上架
健康類,LuLu胖公主變身記,LuLu,趨勢文化出版有限公司,2007,H1,,1,上架
健康類,中國食補醫藥養生大典,蔡焜霖,,,H1,,1,上架
健康類,求醫不如求己,中里巴人(鄭幅中)京中玉國際股份有限公司,,2009,H1,,1,上架
健康類,華陀開講二,陳明璋,,,H1,,1,上架
健康類,營養師減重關鍵,陳韻帆,,,H1,,1,上架
健康類,圖解過敏與免疫的機制,上野川修一,,,H1,,1,上架
健康類,排毒讓你瘦,李靜,,,H1,,1,上架
健康類,中醫經絡美容DIY,施莉莎中醫師,,,H1,,1,上架
健康類,巧克力點心,中村壽子,,,H2,,1,上架
健康類,精簡私房菜,高美雪,,,H2,,1,上架
健康類,係金A!KIWI奇異果早餐減肥法,本喬登,,,H2,,1,上架
健康類,養生中藥DIY,陳俊明,九思出版社,2000,H1,,1,上架
健康類,健康的極致飲食法,南清貴,晨星出版,2011,H1,,1,上架
健康類,量身訂做健康好水,陳仁仲,晨星出版,2012,H1,,1,上架
健康類,窈窕可養成-天心美容湯方,天心,,,H2,,1,上架
健康類,小茶包變身141道人氣茶飲,邱偉晃,,,H2,,1,上架
健康類,阿基師ㄟ偷甲步,三立電視,,,H2,,1,上架
健康類,阿芳的10分鐘上素菜,蔡季芳,,,H2,,1,上架
健康類,食安守門人教你聰明擇食、安心飲食,文長安、陳俊成、張凱甯,如何出版社,2015,H1,,1,上架
健康類,高纖健康麵包,吳多綠.陳淑瑛,,,H2,,1,上架
健康類,免疫力健康餐,林美慧,,,H2,,1,上架
健康類,懷孕280天飲食指南,郭玉芳,,,H2,,1,上架
健康類,美麗配方,陳玫妃,,,H2,,1,上架
健康類,第一次做日本料理,鈴木登記子,,,H2,,1,上架
健康類,阿基師ㄟ偷甲步BOOK2,三立電視,,,H2,,1,上架
健康類,王明勇的健康廚房,吳明勇,,,H2,,1,上架
健康類,365日食譜大百科,凱信出版事業有限公司,,,H2,,1,上架
健康類,春膳,聯經出版,,,H2,,1,上架
健康類,嬰幼兒食譜,佑文出版社,,,H2,,1,上架
健康類,宴會點心,陳忠良,,,H2,,1,上架
健康類,醫生媽媽的小兒發燒照護經,何飛鵰,新手父母出版,2009,H2,,1,上架
健康類,擇食,邱錦伶,,,H2,,1,上架
健康類,1個人吃,蔡季芳,,,H2,,1,上架
健康類,家庭營養師,臺大醫院營養部,天下生活出版社,2000,H1,,1,上架
健康類,大廚私房祕訣800招,出版菊文化事業有限公司,,,H2,,1,上架
健康類,中國秘方全書,賴進義,喜年來出版社,1984,H1,,1,上架
健康類,日式小點心,中村壽子,,,H2,,1,上架
健康類,創意小餅乾,中村壽子,,,H2,,1,上架
健康類,快手套餐,梁瓊日,,,H2,,1,上架
健康類,美人兒找茶,郭月英.陳麗玲,,,H2,,1,上架
健康類,廚房劇場,菜穎卿,,,H2,,1,上架
健康類,吃的營養科學觀,安德爾˙戴維斯,世潮出版社,1993,H1,,1,上架
健康類,阿基師甲水水有撇步,阿基師,,,H2,,1,上架
健康類,八極拳,中國武術系列規定套路邊寫組,人民體育出版社,2000,C1,,1,上架
健康類,快速心理衡鑑,Jason T. Carolyn Keatinge,,,A43,,1,上架
健康類,蔬菜湯強健法,立石和,,,H1,,1,上架
健康類,糖尿病患者食譜,健康食譜叢書編輯組,,,H1,,1,上架
健康類,有效降低血糖值的70個方法,淺野次義,,,H1,,1,上架
健康類,越吃越年輕,安睿,,,H1,,1,上架
健康類,精神醫學,財團法人行天宮文教發展促進基金會,,,A44,,1,上架
健康類,養生青草茶,張憲昌,,,H1,,1,上架
健康類,補錯了更傷身,楊世敏,,,A44,,1,上架
健康類,遠離肝苦很簡單,許金川,,,H1,,1,上架
健康類,全食物再發現升級版,陳月卿,展智文化,97,H2,,1,上架
健康類,拒當黑美人,元氣編輯室,易時代文化,2003,H1,,1,上架
健康類,不一樣的自然養生法,吳永志,,,A44,,1,上架
健康類,神奇的大蒜保健事典!,右庄,,,H1,,1,上架
健康類,吃好睡好就會瘦,則岡孝子,,,H2,,1,上架
健康類,神奇的肝膽排石法,安德烈.莫瑞茲,,,H1,,1,上架
健康類,田啟民最新減胖健康食譜,田啟民,天和出版社,74,H2,,1,上架
健康類,用心聆聽,黃達夫,,,A44,,1,上架
健康類,100種健康食物排行榜,陳進明&李克成&蕭千祐,,,A12,,1,上架
健康類,薯之味,柯俊年,,,H2,,1,上架
健康類,薑黃的秘密,師岡孝次,,,H1,,1,上架
健康類,真原醫,楊定一、楊元寧,,,A43,,1,上架
健康類,糕&粿,林美慧,,,H2,,1,上架
健康類,每日活水,寓銀珍,,,H2,,1,上架
健康類,自然?療法,安心編輯部,,,H1,,1,上架
健康類,穴道按摩圖典,薛衛國,明天國際圖書,2006,H1,,1,上架
健康類,打開健康罐子,張天鈞,時報文化,2003,C1,,1,上架
健康類,素蛋糕點心DIY,游純雄,,,H2,,1,上架
健康類,世紀疫疾AIDS,劉正義,,,H1,,1,上架
健康類,療癒廚房,暴躁兔女王,,,H2,,1,上架
健康類,靜坐的科學、醫學與心靈之旅,楊定一、楊元寧,,,A43,,1,上架
健康類,新纖美人,楊千霈,,,H2,,1,上架
